key,en,fr,it,ja,ko,es,es_ES,pt_BR,pl,de,ru,uk,zh_CN
DIALOGUE_HOTEL_PARTY_BANTER_LLOYD_01_3,"[@]Despite his cowardice, I think [Lloyd] handled himself pretty well back there.","[@]Je trouve que pour une mauviette, [Lloyd] s'est très bien comporté là-bas.","[@]Sarà anche un fifone, ma [Lloyd] si è comportato bene quella volta.",,,"[@]A pesar de su cobardía, creo que [Lloyd] se comportó bastante bien.","[@]A pesar de su cobardía, creo que [Lloyd] se portó bastante bien allí.","[@]Apesar da covardia, o [Lloyd] se saiu muito bem naquela hora.","[@]Pomimo swojego tchórzostwa, myślę, że [Lloyd] poradził sobie tam całkiem nieźle.","[@]Trotz seiner Feigheit hat sich [Lloyd], meiner Meinung nach, damals ziemlich gut geschlagen.","[@][Lloyd] хоть и робкий, но, по-моему, вёл себя там вполне прилично.",,[@]别看他胆子小，我觉得[Lloyd]刚才那会儿表现得还真不赖。
DIALOGUE_HOTEL_PARTY_BANTER_CANARYFOUND_CANARY_0,[@]Chirp chirp!,[@]Cui cui !,[@]Pio pio!,[@]キュンキュン！,[@]짹 짹!,"[@]¡Chirp, chirp!","[@]¡Pío, pío!",[@]Piu! Piu!,[@]Ćwir ćwir!,[@]Zwitscher zwitscher!,[@]Чик-чирик!,[@]Чік-чірік!,[@]叽叽喳喳！
DIALOGUE_HOTEL_PARTY_BANTER_CANARYFOUND_CANARY_SPEAKER_Canary_Chick,Canary Chick,Bébé canari,Pulcino di canarino,カナリアのヒナ,아기 카나리아,Canario bebé,Cría de canario,Canarinho Bebê,Kanarek,Kanarienküken,Птенец канарейки,Пташеня Канарки,金丝雀雏鸟
DIALOGUE_HOTEL_PARTY_BANTER_CANARYFOUND_CANARYTHOUGHTS_0,[@](I wanna see my momma...),[@](Je veux voir ma môman...),[@](Voglio la mia mamma...),[@]（ママにあいたいよ～）,[@](엄마 보고 싶어...),[@](Quiero ver a mi mami...),[@](Quiero ver a mi mami...),[@](Eu quero a minha mãe...),[@](Chcę zobaczyć moją mamę...),[@](Ich möchte Mama sehen ...),[@](Хочу к мамочке...),[@](Хочу побачити свою матусю...),[@]（我想见妈妈…）
DIALOGUE_HOTEL_PARTY_BANTER_CANARYFOUND_CANARYTHOUGHTS_SPEAKER_Canary_Chick,Canary Chick,Bébé canari,Pulcino di canarino,カナリアのヒナ,아기 카나리아,Canario bebé,Cría de canario,Canarinho Bebê,Kanarek,Kanarienküken,Птенец канарейки,Пташеня Канарки,金丝雀雏鸟
DIALOGUE_HOTEL_PARTY_BANTER_CANARYFOUND_PIPPI_0,"[@]That chick's mom must be worried sick.[WAIT@]Let's hurry up and reunite them, okay?[WAIT@]If I remember correctly, Canary Village should be to the north west of town.","[@]La maman de ce poussin doit être morte d'inquiétude.[WAIT@]On va se dépêcher de le lui ramener, hein ?[WAIT@]Si je me souviens bien, le village Canari est au nord-ouest de la ville.","[@]La mamma di quel pulcino sarà preoccupata.[WAIT@]Sbrighiamoci a riunirli, ok?[WAIT@]Mi pare che il Villaggio Canarino sia a nordovest della città.",[@]あの　ヒナのママは\nきっと　しんぱい　してるわよ。[WAIT@]はやく　ママのところに\nかえして　あげなきゃ！[WAIT@]カナリアむらは　たしか\nまちの　ほくとうにあったはずね。,"[@]분명 엄마 카나리아가 걱정하고 있을 거야.[WAIT@]그래 그래, 꼭 다시 만나게 해줄게, 알겠지?[WAIT@]내 기억이 맞다면, 카나리아 마을은 북서쪽에 있었어.\n빨리 가자.","[@]La madre de este pollito parece estar muy preocupada.[WAIT@]Hay que darnos prisa y reunámoslos, ¿de acuerdo?[WAIT@]Si no recuerdo mal, la Villa Canario debería de estar al noroeste de la ciudad.","[@]La madre de este polluelo debe de estar muerta de preocupación.
[WAIT@]¡Tenemos que darnos prisa y reunirlos!
[WAIT@]Si no recuerdo mal, la Aldea Canaria está al noroeste del pueblo.","[@]A mãe do canarinho deve estar muito preocupada com ele.[WAIT@]Vamos juntá-los logo, tá bom?[WAIT@]Se eu me lembro bem, a Vila Canarinho fica a noroeste da cidade.","[@]Mama tego maleństwa musi się bardzo martwić.[WAIT@]Pospieszmy się i ich zjednoczmy, dobra?[WAIT@]Jeśli dobrze pamiętam, Wioska Kanarków powinna znajdować się na północny zachód od miasta.","[@]Die Mutter des Kükens muss krank vor Sorge sein.[WAIT@]Lass uns sie schnellstmöglich wieder zusammenbringen, okay?[WAIT@]Wenn ich mich recht erinnere, sollte das Kanariendorf im Nordwesten der Stadt sein.","[@]Мама птенчика там, наверное, совсем распереживалась.[WAIT@]Давай поскорее воссоединим их![WAIT@]Канарская деревушка вроде находится к северо-западу от города...","[@]Мама пташенятка, напевно, зовсім собі місця не знаходить.[WAIT@]Давай швидше їх возз'єднаємо![WAIT@]Якщо не помиляюся, Село канарок знаходиться на північний захід від міста...",[@]那只小金丝雀的妈妈肯定非常担心。[WAIT@]我们赶快去让它们团聚，好吗？[WAIT@]如果我没有记错的话，金丝雀村庄应该就在小镇的西北方向。
DIALOGUE_HOTEL_PARTY_BANTER_CANARYMELODY_PIPPI_0,"[@]I'm glad we were able to find that canary's mother.[WAIT@]There's something about seeing a mother reunite with her child that just warms my heart.[WAIT@]Anyway, my mom asked us to go see the mayor.[WAIT@]I wonder what he has to say.","[@]J'suis trop contente qu'on ait réussi à trouver la mère du bébé canari.[WAIT@]Y'a comme un p'tit truc qui fait chaud au cœur quand on voit une mère retrouver son petit.[WAIT@]Bon, maman nous a demandé d'aller voir le maire.[WAIT@]Je me demande ce qu'il va nous dire.","[@]Sono felice che siamo riusciti a ritrovare la mamma del canarino.[WAIT@]Mi si scalda il cuore a vedere riunirsi una madre e un figlio.[WAIT@]Comunque, mia mamma ci ha chiesto di andare dal sindaco.[WAIT@]Chissà che cos'ha da dirci.",[@] カナリアのこを　ママのところに\nかえせて　よかったわね！[WAIT@]おやこの　さいかいって　なんだか\nこころが　あったまるわ。[WAIT@]そういえば　ママがちょうちょうさんに\nあうように　いってたっけ。[WAIT@]メンドクサイけど　しょうがないわね\nまちやくばに　むかいましょ！,"[@]엄마 카나리아를 찾아서 다행이다.[WAIT@]훌쩍, 사람이든 동물이든 가족 상봉은 언제나\n감동적이야.[WAIT@]아, 그러고 보니 엄마가 시장님 얼굴 한 번 보자고\n했었는데.[WAIT@]귀찮은데... 그냥 빨리 만나고 놀러 가자!","[@]Me alegro de que hayamos podido encontrar a la madre de ese canario.[WAIT@]Hay algo en ver a una madre reunirse con su hijo que me conmueve.[WAIT@]En fin, mi mamá nos pidió que vayamos a ver al alcalde.[WAIT@]Me pregunto qué nos tendrá que decir.","[@]Me alegro de que hayamos podido encontrar a la mamá de ese canario.
[WAIT@]Ver a una madre reunirse con su cría me llena el corazón de alegría.
[WAIT@]Por cierto, mi madre dice que vayamos a ver\nal alcalde.
[WAIT@]Me pregunto qué nos tendrá que decir.","[@]Que bom que conseguimos encontrar a mãe do canarinho![WAIT@]Ver a mamãe reunida com o seu filhotinho aquece o meu coração.[WAIT@]Enfim, minha mãe falou pra gente ir ver o prefeito.[WAIT@]Por que será que ele quer me ver?","[@]Cieszę się, że udało nam się znaleźć matkę kanarka.[WAIT@]Serce mi rośnie na widok mamy łączącej się ze swoim dzieckiem.[WAIT@]Tak czy owak, moja mama poprosiła nas, żebyśmy poszli zobaczyć się z burmistrzem.[WAIT@]Ciekawe co ma do powiedzenia.","[@]Ich bin froh, dass wir die Mutter des Kükens finden konnten.[WAIT@]Zu sehen, wie sich Mutter und Kind wieder vereinen, erwärmt mein Herz.[WAIT@]Mama hat uns übrigens drum gebeten, zum Bürgermeister zu gehen.[WAIT@]Ich frage mich, was er zu sagen hat.","[@]Как хорошо, что мы отыскали маму птенчика.[W@]Мать и дитя снова вместе. Внутри аж всё поёт...[W@]Ах да, моя мама сказала, чтобы мы зашли к мэру.[W@]Интересно, что он собирается сказать?","[@]Я рада, що ми змогли знайти маму пташеняти.[WAIT@]Мати і дитина знову разом... Ох, як гріє душу...[WAIT@]Ах так, моя мама попросила нас зайти до мера.[WAIT@]Цікаво, що він нам скаже?",[@]真高兴我们找到了那只金丝雀的妈妈。[WAIT@]看到妈妈与孩子重逢的画面，心里总觉得暖暖的。[WAIT@]啊对了，话说回来，我妈妈让我们去找镇长。[WAIT@]也不知道他要跟我们说什么。
DIALOGUE_HOTEL_PARTY_BANTER_LLOYD_01_1,[@]Why didn't you tell me earlier?!,[@]Pourquoi vous m'avez pas prévenu ?!,[@]Perché non me l'hai detto prima?!,,,[@]¿Por qué no me lo dijiste antes?,[@]¡¿Por qué no me lo has dicho antes?!,[@]Por que você não me falou antes?!,[@]Dlaczego nie powiedziałeś mi wcześniej?!,[@]Warum hast du das nicht eher gesagt?!,[@]Почему ты мне раньше об этом не сказал?!,[@]Чому ти раніше мені про це на сказав?!,[@]那你为什么不早点告诉我？！
DIALOGUE_HOTEL_PARTY_BANTER_LLOYD_01_2,[@]It definitely would have lessened the shock factor.,[@]Ça aurait été moins choquant.,[@]Avrebbe sicuramente ridotto lo shock.,,,[@]Definitivamente habría disminuido el factor sorpresa.,[@]Definitivamente habría disminuido el factor sorpresa.,[@]Isso definitivamente teria reduzido o choque.,[@]To zdecydowanie złagodziłoby szok.,[@]Das hätte auf jeden Fall den Schockfaktor gemindert.,[@]Чтобы это не так шокировало!,[@]Це хоча б не так шокувало!,[@]那样的话肯定就没那么震撼了。
DIALOGUE_HOTEL_PARTY_BANTER_LLOYD_01_3,"[@]Oh please, I'm willing to bet if [Ninten] told you earlier, you wouldn't have come at all.","[@]Oh, s'il te plaît, je suis prête à parier que si [Ninten] t'avait prévenu, tu serais pas venu du tout.","[@]Ma va, se [Ninten] te l'avesse detto prima, non saresti venuto affatto.",,,"[@]Oh, por favor, apuesto a que si [Ninten] te lo hubiera dicho antes, ni siquiera habrías venido.","[@]Oh, por favor, apuesto que si [Ninten] te lo hubiese contado antes, no habrías venido.","[@]Ah, por favor, aposto que se o [Ninten] tivesse te contado, você nem teria vindo.","[@]O proszę, jestem gotów się założyć, że gdyby [Ninten] powiedział ci wcześniej, w ogóle byś nie przyszedł.","[@]Oh bitte, ich wette, wenn [Ninten] es dir früher gesagt hätte, wärst du gar nicht gekommen.","[@]О, пожалуйста. Я готова поспорить, что если бы [Ninten] сказал тебе об этом раньше, ты бы ни за что не пришёл.","[@]Ох, годі хникати. Зуб даю, що якби [Ninten] сказав про це раніше, ти б нізащо не приєднався.",[@]别看他胆子小，我觉得[Lloyd]刚才那会儿表现得还真不赖。
DIALOGUE_HOTEL_PARTY_BANTER_LLOYD_01_4,[@]H-hey! I'm not scared of aliens!,[@]H-hé ! J'ai pas peur des extraterrestres !,[@]E-ehi! Gli alieni non mi fanno paura!,,,[@]¡H-hey! ¡No le temo a los aliens!,[@]¡H-hey! ¡No me dan miedo los alienígenas!,[@]E-ei! Eu não tenho medo de aliens!,[@]E-ej! Nie boje się kosmitów!,[@]H-hey! Ich habe keine Angst vor Aliens!,[@]Э-эй! Я не боюсь пришельцев!,[@]Г-гей! Я не боюся прибульців!,[@]嘿-！我才不害怕外星人呢！
DIALOGUE_HOTEL_PARTY_BANTER_LLOYD_01_6,"[@]Man, what an asshole!","[@]Pff, c'est dégueulasse !","[@]Mamma mia, che idiota!",,,[@]¡Vaya tipo tan desagradable!,"[@]Tío, ¡vaya imbécil!","[@]Caramba, mas que babaca!",[@]No co za dupek!,"[@]Mann, was ein A...loch!","[@]Боже, ну и говнюк же ты!",,[@]天啊，这人可真过分！
DIALOGUE_HOTEL_PARTY_BANTER_LLOYD_01_7,[@]I-I didn't know we were going to fight a-aliens when I went along on this adventure...,[@]J-je savais pas qu'on allait affronter des e-extraterrestres quand j'ai rejoint cette aventure...,[@]N-non sapevo che ce la saremmo vista con gli a-alieni in questa avventura...,,,[@]N-no sabía que íbamos a pelear con alienígenas cuando me uní a esta aventura...,[@]N-no sabía que nos iríamos a enfrentar con a-alienígenas cuando me embarqué en esta aventura...,[@]E-eu não sabia que a gente ia lutar contra a-aliens quando entrei nessa aventura...,"[@]N-nie wiedziałem, że będziemy walczyć z k-kosmitami, kiedy się przyłączyłem do tej przygody...","[@]Ich wusste nicht, dass wir gegen Außerirdische kämpfen würden, als ich mich auf dieses Abenteuer einließ...","[@]Я... я и не думал, что мы идём сражаться с п-п-пришельцами, когда отправлялся в это приключение...",,[@]我-我不知道我们去冒险的时候还要去跟外星人打架…
DIALOGUE_HOTEL_PARTY_BANTER_PIPPIRESCUED_PIPPI_0,"[@]Thanks for freeing me from that coffin, [Ninten].[WAIT@]I was scared I was going to be eaten by zombies or starve to death.[WAIT@]You say the mayor's looking for me, right?[WAIT@]Well maybe we don't have to see that old guy just yet.[WAIT@]I really want to go see that pet shop in the department store.[WAIT@]It's practically like a zoo, but you don't even have to PAY to see the animals.","[@]Merci de m'avoir sorti de ce cercueil, [Ninten].[WAIT@]J'avais trop peur de me faire manger par des zombies ou de mourir de faim.[WAIT@]T'as dit que le maire était à ma recherche, c'est ça ?[WAIT@]Bon, mais on est pas obligés d'aller voir ce vieux type tout de suite.[WAIT@]J'ai vraiment envie d'aller voir cette animalerie au centre commercial.[WAIT@]C'est presque comme un zoo, sauf que t'as MÊME PAS besoin de payer pour voir les animaux.","[@]Grazie per avermi liberato da quella bara, [Ninten].[WAIT@]Avevo paura di venire mangiata dagli zombi o di morire di fame.[WAIT@]Hai detto che il sindaco mi sta cercando, vero?[WAIT@]Beh, non è che ci dobbiamo andare subito.[WAIT@]Vorrei tanto visitare quel negozio di animali al centro commerciale.[WAIT@]È praticamente uno zoo, ma senza PAGARE per vedere gli animali.",[@][Ninten]　わたしを　たすけだしてくれて\nありがとう！[WAIT@]ゾンビに　たべられちゃうか\nがしする　ところだったわ。[WAIT@]え？　ちょうちょうさんが\nわたしを　さがしてるの？[WAIT@]でも　あうのは　あとまわしでも\nいいんじゃない？[WAIT@]わたし　ペットショップを\nみにいきたいな！[WAIT@] まちで　きいたんだけど　カナリアのヒナが\nあたらしく　はいったんですって！,"[@]관에서 꺼내줘서 고마워, [Ninten].[WAIT@]좀비한테 잡아먹히는 건 아닐지, 굶어 죽는 건\n아닐지, 너무 무서웠어.[WAIT@]어? 시장님이 날 찾고 있다고?[WAIT@]하지만... 그럼, 조금만 미루자! 아마 괜찮을 거야![WAIT@]지금은 그것보다 백화점에 그 애완동물 가게에 꼭\n가고 싶어.[WAIT@]동물원처럼 귀여운 동물들이 많은데 돈은 안 내도\n된다니까? 가자!","[@]Gracias por liberarme de ese ataúd, [Ninten].[WAIT@]Temía que me comieran los zombis o que me muriese de hambre.[WAIT@]Decías que el alcalde me está buscando, ¿verdad?[WAIT@]Bueno, tal vez no tengamos que ver a ese viejo todavía.[WAIT@]Tengo muchas ganas de ir a esa tienda de mascotas en el centro comercial.[WAIT@]Es como un zoológico, pero que no necesitas PAGAR para ver a los animales.","[@]Gracias por sacarme de ese ataúd, [Ninten].
[WAIT@]Tenía miedo de que me comieran los zombies o de morirme de hambre.
[WAIT@]Has dicho que el alcalde me estaba buscando, ¿verdad?
[WAIT@]Bueno, no tenemos por qué ir a ver a ese viejales todavía.
[WAIT@]Tengo muchas ganas de ir a la tienda de mascotas del centro comercial.
[WAIT@]Es como un zoo, pero no tienes que pagar por ver a los animales.","[@]Obrigada por ter me tirado daquele caixão, [Ninten]![WAIT@]Eu tava com medo de ser devorada por zumbis ou morrer de fome.[WAIT@]Você disse que o prefeito estava me procurando, não é?[WAIT@]Bem, talvez a gente não precise ir lá ainda.[WAIT@]Eu queria muito ver aquele pet shop que abriram no mercado.[WAIT@]É praticamente um zoológico, mas você não precisa PAGAR pra ver os animais.","[@]Dzięki za uwolnienie mnie z tej trumny, [Ninten].[WAIT@]Bałam się, że zostanę zjedzona przez zombie, albo że umrę z głodu.[WAIT@]Burmistrz mnie szuka, powiadasz?[WAIT@]Chyba nic się nie stanie, jeśli każemy trochę poczekać naszemu staruszkowi.[WAIT@]Bardzo chcę zobaczyć ten sklep zoologiczny w domu handlowym.[WAIT@]To praktycznie jak zoo, tyle że nie trzeba nawet PŁACIĆ, żeby oglądać zwierzęta.","[@]Danke, dass du mich aus dem Sarg gerettet hast, [Ninten].[WAIT@]Ich hatte solche Angst, dass ich von Zombies gefressen werde oder verhungere.[WAIT@]Du sagtest, der Bürgermeister sucht nach mir?[WAIT@]Also vielleicht müssen wir den alten Kerl noch nicht direkt besuchen.[WAIT@]Ich muss wirklich zuerst zum Zooladen im Kaufhaus.[WAIT@]Er ist praktisch wie ein Zoo, nur dass du nicht mal BEZAHLEN musst, um die Tiere zu sehen.","[@][Ninten], спасибо, что вытащил меня из гроба.[WAIT@]Я уж думала, меня съедят зомби или я просто\nпомру с голоду.[WAIT@]Мэр меня ищет, говоришь?[WAIT@]Тогда пусть немного подождёт.[WAIT@]Я очень хочу зайти в зоомагазин в универмаге.[WAIT@]Это почти как зоопарк — только вход бесплатный!","[@][Ninten], дякую, що витягнув мене з труни.[WAIT@]Я вже думала, мене зомбі з'їдять, або я з голоду помру.[WAIT@]Кажеш, мене шукає мер?[WAIT@]Ну, впевнена, він зараз може почекати.[WAIT@]Я дуже хочу зайти до зоомагазину універмага.[WAIT@]Майже як зоопарк, лише відвідування безкоштовне!",[@]谢谢你把我从那个棺材里救出来，[Ninten]。[WAIT@]我当时真的特别害怕，我害怕自己会被丧尸给吃掉或者饿死呢。[WAIT@]你说镇长正在找我，对吧？[WAIT@]嗯…也许我们暂时还不着急去见那个老先生。[WAIT@]我想去百货公司里的宠物店里看看。[WAIT@]那里简直就像一个小型动物园，并且你甚至不用花钱就能看到动物。
DIALOGUE_HOTEL_PARTY_BANTER_LLOYDBEFRIENDED_0,[@]These missiles just keep getting more frequent...,[@]Il y a de plus en plus de tirs de missiles...,[@]Questi missili non fanno che aumentare...,[@]しっかし　ロケットも　なかなか　とまらないな。,[@]미사일이 점점 많아지고 있어...,[@]Esos misiles cada vez son más frecuentes...,[@]Los misiles no paran de aumentar en frecuencia...,[@]Esses mísseis estão ficando cada vez mais frequentes...,[@]Te rakiety spadają tu coraz częściej...,[@]Die Raketen werden echt immer häufiger ...,[@]Ракеты летают всё чаще...,[@]Ці ракети летять все частіше...,[@]这些导弹发射得越来越频繁了…
DIALOGUE_HOTEL_PARTY_BANTER_LLOYDFACTORYPASS_0,"[@]We should be able to get to Duncan's Factory now.[W@]But t-there's no rush, really...","[@]On devrait pouvoir aller à l'usine de Duncan.[W@]Mais a-après, on a le temps, hein...","[@]Ora dovremmo riuscire a entrare nella Fabbrica di Duncan.[W@]F-fa pure con calma, comunque...",[@]いまなら　ダンカンこうじょうへ　いけるはずだ。[W@]いそぎじゃないけど。,"[@]이제 던컨 공장으로 갈 수 있을 거야.[W@]하지만, 그-그래도 굳이 서두를 필요는 없겠지...","[@]Ya deberíamos poder llegar a la Fábrica Duncan.[W@]Pero n-no hay prisa, en serio...","[@]Deberíamos poder llegar a la Fábrica Duncan ahora.
[W@]Pero n-no hay prisa, de verdad...","[@]Acho que estamos prontos para ir à Fábrica Duncan.[W@]Mas, s-sem pressa, de verdade...","[@]Powinniśmy być już w stanie dotrzeć do Fabryki Duncana.[W@]Ale n-nie ma się co spieszyć, naprawdę...",[@]Wir sollten jetzt in Duncans Fabrik reinkommen können.[W@]Aber wirklich k-kein Grund zur Eile ...,"[@]Ну, теперь можно и отправиться на завод Дункана.[W@]Я тебя не подгоняю, конечно...","[@]Думаю, ми готові дістатися заводу Дункана.
[W@]Але п-поки щ-що нам нікуди поспішати...",[@]我们现在应该能去邓肯工厂了。[W@]但真、真的不用急…
DIALOGUE_HOTEL_PARTY_BANTER_LLOYDMISSILES_0,"[@]Duncan's Factory just isn't letting up with the missiles...[W@]If we want to go there, we'll need my Factory Pass at home.[W@]It's right behind the school on the third floor.","[@]L'usine de Duncan ne s'arrête pas de tirer des missiles...[W@]Si on veut aller là-bas, on doit aller récupérer le passe d'usine chez moi.[W@]C'est juste derrière l'école, au troisième étage.","[@]La Fabbrica di Duncan continua a lanciare missili...[W@]Per entrare ci servirà la Tessera Fabbrica che ho a casa.[W@]È nell'edificio proprio dietro alla scuola, al terzo piano.",[@]ダンカンの　ロケットは　とまりそうにないな。[W@]そこに　いくなら　ぼくのアパートにある　つうこうきょかしょうが　ひつようだ。[W@]がっこうの　うしろの　たてものの　３かいさ。,[@]던컨 공장에서 미사일을 계속 쏴대고 있어...[W@]공장 내에 출입하려면 내 공장 출입증이 필요해.[W@]내 집은 학교 뒤편에서 오른쪽으로 쭉 가면 나오는 건물 3층에 있어.,"[@]Los de la Fábrica Duncan no se detendrán con los misiles...[W@]Si queremos ir allá, necesitaremos mi Pase de la Fábrica que está en casa.[W@]Está justo detrás de la escuela, en el tercer piso.","[@]La Fábrica Duncan no da tregua con los misiles...
[W@]Si queremos ir allí, necesitamos el Pase de la fábrica en mi casa.
[W@]Está justo detrás del colegio, en el último piso.","[@]A Fábrica Duncan não está dando trégua com os mísseis...[W@]Se quisermos entrar lá, vamos precisar do Passe da Fábrica na minha casa.[W@]Ela fica atrás da escola, no terceiro andar.","[@]Fabryka Duncana nie przestaje wystrzeliwać rakiet...[W@]Jeśli chcemy tam pójść, przyda nam się moja Przepustka Służbowa, którą mam w domu.[W@]Mieszkam zaraz za szkołą, na trzecim piętrze.","[@]Duncans Fabrik lässt einfach nicht locker mit den Raketen ...[W@]Wenn wir da hinwollen, brauchen wir den Fabrik-Ausweis aus meiner Wohnung.[W@]Sie liegt direkt hinter der Schule im zweiten Stock.","[@]С завода Дункана всё никак не прекращают запускать ракеты...[W@]Если мы хотим туда пойти, нам нужно взять из дома мой пропуск на завод.[W@]Если что, я живу прямо за школой, на третьем этаже.","[@]Завод Дункана ніяк не припиняє з ракетами...
[W@]Якщо ми хочемо пробратися туди,[D:3] нам потрібно взяти мою перепустку на завод.
[W@]Він у мене вдома.[D:5] Я живу в багатоповерхівці за школою, на третьому поверсі.",[@]邓肯工厂的导弹就没停过…[W@]要是想去那儿，得先回我家拿我的工厂通行证。[W@]就在学校三楼的后面。
DIALOGUE_HOTEL_PARTY_BANTER_LLOYDROCKETLAUNCHED_0,"[@]I'm still thinking about what Dr. Distorto said.[W@]A shadow that makes people disappear...[W@]If what he said is true, then do you suppose it's why my babysitter stopped showing up?[W@]Well, it's not as if she did anything except torment me.[W@]Anyway, my father said he was going to Reindeer before he left.[W@]I just hope he's still safe.","[@]Je pense encore à ce qu'a dit le Dʳ Distorto.[W@]Une ombre qui fait disparaître les gens...[W@]Si il dit vrai, est-ce que c'est pour ça que ma baby-sitter ne vient plus ?[W@]De toute façon, c'est pas comme si elle faisait autre chose que me tourmenter.[W@]Bon, avant qu'il parte, mon père m'a dit qu'il allait à Reindeer.[W@]J'espère qu'il va bien. ","[@]Sto ancora pensando a cos'ha detto il Dr. Distorto.[W@]Un'ombra che fa scomparire le persone...[W@]Dici che è per quella che la mia babysitter non si è più fatta vedere?[W@]Non che facesse chissà che, a parte tormentarmi.[W@]Comunque, mio padre prima di andarsene disse che si sarebbe diretto a Reindeer.[W@]Spero stia bene.
",[@]ゆがみはかせの　いってたことが　いまだにひっかかる。[W@]ひとが　しっそうする　なぞのかげ・・・[W@]もし　ほんとうなら　ぼくの　ベビーシッターが　いなくなったのも　あのかげの　せいだったのかな。[W@]ま　ぼくのことを　いじめてばかりだったから　こなくなって　よかったけど。[W@]それはともかく　とうさんは　レインディアに　むかってるはずだ。[W@]ぶじだと　いいけど。,"[@]난 아직도 디스토르토 박사가 했던 말을 계속 생각해보고 있어.[W@]사람들을 사라지게 만드는 그림자라니...[W@]그말이 사실이라면, 우리 집 베이비시터가 더 이상 오지 않았던 것도 그 때문일까?[W@]뭐, 와도 괴롭히는 거말곤 안 했지만.[W@]어쨌든 아버지는 떠나기 전에 레인디어로 간다 하셨어.[W@]제발 아직 무사하길...","[@]Sigo pensando en lo que dijo el Dr. Distorto.[W@]Una sombra que hace desaparecer a la gente...[W@]Si lo que dijo es verdad, ¿entonces será esa la razón por la que mi niñera dejó de venir?[W@]Bueno, no es como si ella hiciera más que solo atormentarme.[W@]En fin, antes de irse, mi padre dijo que se dirigía a Reindeer.[W@]Espero que todavía esté a salvo.","[@]Sigo pensando en lo que dijo el Dr. Distorto.
[W@]Una sombra que hace desaparecer a la gente...
[W@]Si lo que dijo es cierto, ¿entonces es eso por lo que mi niñera dejó de venir?
[W@]Bueno, no es como si hiciera nada más que atormentarme.
[W@]De todos modos, antes de irse, mi padre mencionó que iba a Reindeer.
[W@]Espero que todavía esté a salvo.","[@]Eu ainda estou pensando no que o Dr. Distorto disse.[W@]Uma sombra que faz as pessoas desaparecerem...[W@]Se o que ele diz é verdade, então será que é por isso que a minha babá parou de vir em casa?[W@]Bem, não que eu sinta saudades dela, ela só ficava me atormentando.[W@]Enfim, o meu pai disse que ele estava indo a Renápolis antes de sair.[W@]Eu só espero que ele esteja bem.","[@]Nadal myślę o tym, co powiedział Dr. Distorto.[W@]Cień, który sprawia, że ludzie znikają... [W@]Jeśli to, co powiedział, jest prawdą, to czy myślisz, że to dlatego moja niania przestała przychodzić?[W@]Cóż, i tak jej jedynym zajęciem było dręczenie mnie.[W@]W każdym razie, mój ojciec powiedział, że jedzie do Reindeer, zanim wyjechał.[W@]Po prostu mam nadzieję, że wszystko z nim w porządku.","[@]Ich denke immer noch darüber nach, was Dr. Carigali gesagt hat.[W@]Ein Schatten, der Menschen verschwinden lässt ... [W@]Wenn das stimmt, was er sagt, glaubst du, dass meine Babysitterin deshalb nicht mehr kommt?[W@]Na ja, ist nicht so, dass sie etwas anderes getan hat, als mich zu quälen.[W@]Mein Vater hat jedenfalls gesagt, er würde nach Reindeer fahren, bevor er verschwunden ist.[W@]Ich hoffe nur, dass es ihm noch gut geht.","[@]Никак не могу забыть, что сказал доктор Деформо.[W@]Тень, из-за которой пропадают люди...[W@]А если это правда, то как думаешь — может, из-за этого к нам перестала ходить моя няня?[W@]Ну, видимо, это к лучшему.[D:4] До сих пор помню,[BR]как та надо мной измывалась.[W@]Кстати, перед уходом мой папа сказал, что собрался в Рейндир.[W@]Очень надеюсь, что с ним всё хорошо.","[@]Я все думаю про те, що сказав доктор Деформо.
[W@]Тінь, через яку зникають люди...
[W@]Якщо він говорив правду,[D:4] може,[D:4] саме через неї перестала з'являтися моя няня?
[W@]Хоча вона тільки й робила, що тиранила мене...
[W@]Ну й дідько з нею.
[W@]Пам’ятаю, мій тато сказав, що вирушає до міста Рейндір.[D] Я лише сподіваюся, що з ним усе гаразд.",[@]我还在想扭曲特博士说过的话。[W@]一个让人消失的怪影…[W@]如果他说的是真的，那我的保姆再没露过面，是不是就因为这个？[W@]不过她反正除了折腾我，也没干过别的。[W@]总之，我爸爸离开前说他要去驯鹿镇。[W@]我只希望他现在还平安无事。