key,en,fr,it,ja,ko,es,es_ES,pt_BR,pl,de,ru,uk,zh_Hans_CN
DIALOGUE_PODUNK_NON-PERSON_TEXT_PIPPI_S_HOUSE_DRAWING_ANNIKA_0,[@]A crayon drawing of a girl.,[@]Un dessin au crayon d'une fille.,,,,,,,,,,,
DIALOGUE_PODUNK_NON-PERSON_TEXT_PIPPI_S_HOUSE_DRAWING_ANNIKA_1,"[@]That's Annika.[WAIT@]She goes on lots of adventures with [Pippi].[WAIT@]She's really friendly and fun to play with.[WAIT@]She likes to keep her room clean, but I think leaving my toys and clothes out gives us more time for play.","[@]C'est Annika.[WAIT@]Elle part à de nombreuses aventures avec [Pippi].[WAIT@]Elle est vraiment amiable and amusant à jouer avec.[WAIT@]Elle aime garder sa chambre propre, mais je pense que laisser mes jouets et vêtements par terre nous donne plus de temps pour jouer.",,,,,,,,,,,
DIALOGUE_PODUNK_NON-PERSON_TEXT_PIPPI_S_HOUSE_DRAWING_PIPPI_0,[@]A crayon drawing of a girl who looks like [Pippi].,[@]Un dessin au crayon d'une fille qui ressemble à [Pippi].,,,,,,,,,,,
DIALOGUE_PODUNK_NON-PERSON_TEXT_PIPPI_S_HOUSE_DRAWING_PIPPI_1,"[@]That's the [Pippi] from my mom's stories.[WAIT@]She's super strong and helps everyone in need, and she's not afraid to stand up to adults or bullies.[WAIT@]Doesn't she look just like me?","[@]C'est la [Pippi] des histoires de ma mère.[WAIT@]Elle est super forte et aide tous ceux qui en ont besoin, et elle n'a pas peur de tenir tête aux adultes ou aux harceleurs.[WAIT@]Elle ne me ressemble pas?",,,,,,,,,,,
DIALOGUE_PODUNK_NON-PERSON_TEXT_PIPPI_S_HOUSE_DRAWING_TOMMY_0,[@]A crayon drawing of a boy.,[@]Un dessin au crayon d'un garçon.,,,,,,,,,,,
DIALOGUE_PODUNK_NON-PERSON_TEXT_PIPPI_S_HOUSE_DRAWING_TOMMY_1,[@]That's Tommy.[WAIT@]He's Annika's brother and a good friend to [Pippi].,[@]C'est Tommy.[WAIT@]C'est le frère d'Annika et un bon ami de [Pippi].,,,,,,,,,,,
DIALOGUE_PODUNK_NON-PERSON_TEXT_PIPPI_S_HOUSE_PIPPI_S_BED_0,"[@]A small, sturdy bed.",[@]Un petite lit solide.,,,,,,,,,,,
DIALOGUE_PODUNK_NON-PERSON_TEXT_PIPPI_S_HOUSE_PIPPI_S_BED_2,[@]Wanna jump on the bed?,[@]Tu veux sauter sur le lit?,,,,,,,,,,,
DIALOGUE_PODUNK_NON-PERSON_TEXT_PIPPI_S_HOUSE_PIPPI_S_BED_3,"[@][PartyLead], wanna jump on the bed?","[@][PartyLead], tu veux sauter sur le lit?",,,,,,,,,,,
DIALOGUE_PODUNK_NON-PERSON_TEXT_PIPPI_S_HOUSE_PIPPI_S_BED_4,"[@]In Tazmania, everyone jumps on the bed.[WAIT@]They think it's funny when someone sleeps in their bed.","[@]En Tazmanie, tout le monde saute sur le lit.[WAIT@]Ils trouvent ça drôle quand quelqu'un dort dans leur lit.",,,,,,,,,,,
DIALOGUE_PODUNK_NON-PERSON_TEXT_PIPPI_S_HOUSE_PIPPI_S_BED_5,"[@]Press [color][ui_accept][/color] to help us jump, and [color][ui_cancel][/color] when you're done.","[@]Appuie sur [color][ui_accept][/color] pour nous aider à sauter, et [color][ui_cancel][/color] quand t'as fini.",,,,,,,,,,,
DIALOGUE_PODUNK_NON-PERSON_TEXT_PIPPI_S_HOUSE_PIPPI_S_CLOTHES_0,[@]A striped tee shirt and a pair of shortalls identical to what [Pippi] wears.,[@]Un t-shirt rayé et une salopette short identique à ceux que porte [Pippi].,,,,,,,,,,,
DIALOGUE_PODUNK_NON-PERSON_TEXT_PIPPI_S_HOUSE_PIPPI_S_CLOTHES_1,[@]I love my overalls.[WAIT@]They're comfy and great for going on adventures.,[@]J'adore ma salopette.[WAIT@]Elle est confortable et parfaite pour partir à l'aventure.,,,,,,,,,,,
DIALOGUE_PODUNK_NON-PERSON_TEXT_PIPPI_S_HOUSE_PIPPI_COSTUME_0,"[@]A dress, an apron, a pair of old boots, and two long stockings.","[@]Une robe, un tablier, une paire de vieilles bottes, et deux long bas.",,,,,,,,,,,
DIALOGUE_PODUNK_NON-PERSON_TEXT_PIPPI_S_HOUSE_PIPPI_COSTUME_1,"[@]That’s my costume for when I dress up and pretend I'm the [Pippi] from my mom's stories.[WAIT@][Pippi] loves wiggling her toes in these big boots, and she doesn't care about what anyone says about her looks.[WAIT@]I think she looks really cool!","[@]C'est mon costume pour quand je me déguise comme la [Pippi] des histoires de ma maman.[WAIT@][Pippi] aimes frétiller ses doigts de pied dans ces grandes bottes, et elle s'en fiche de que les autres disent.[WAIT@]Je la trouve vraiment chouette.",,,,,,,,,,,
DIALOGUE_PODUNK_NON-PERSON_TEXT_PIPPI_S_HOUSE_YES,Yes,Oui,,,,,,,,,,,
DIALOGUE_PODUNK_NON-PERSON_TEXT_PIPPI_S_HOUSE_NO,No,Non,,,,,,,,,,,
